"","cr","dep","yymmdd1","yymmdd2","Lat2","Lat2.1","Long1","Long2","M_avg","C_avg","N_avg","P_avg"
"605",10205,150,20051010,20051014,31.596,31.616,64.164,64.161,64.99,14.35,2.39,0.0022
"606",10205,200,20051010,20051014,31.596,31.616,64.164,64.161,43.24,11.26,1.89,0.0023
"607",10205,300,20051010,20051014,31.596,31.616,64.164,64.161,47.75,9.55,1.33,7e-04
"608",10206,150,20051124,20051126,31.578,31.479,64.18,64.157,48.27,15.09,2.66,0.0042
"609",10206,200,20051124,20051126,31.578,31.479,64.18,64.157,33.98,8.76,1.35,0.0013
"610",10206,300,20051124,20051126,31.578,31.479,64.18,64.157,32.07,7.73,0.94,7e-04
"611",10207,150,20051208,20051211,31.588,31.702,64.164,64.133,34.16,12.49,1.79,0.0012
"612",10207,200,20051208,20051211,31.588,31.702,64.164,64.133,31.64,7.54,0.81,0.0025
"613",10207,300,20051208,20051211,31.588,31.702,64.164,64.133,28.28,7.75,1.18,8e-04
"614",10208,150,20060129,20060131,31.574,31.489,64.166,64.077,187.2,35.62,7.04,0.0109
"615",10208,200,20060129,20060131,31.574,31.489,64.166,64.077,193.22,23.32,3.93,0.0082
"616",10208,300,20060129,20060131,31.574,31.489,64.166,64.077,98.55,13.18,2.03,0.005
"623",10211,150,20060508,20060511,31.662,31.238,64.15,64.101,37.36,9.25,1.71,0.0123
"624",10211,200,20060508,20060511,31.662,31.238,64.15,64.101,52.5,10.47,2.03,0.0104
"625",10211,300,20060508,20060511,31.662,31.238,64.15,64.101,75.83,11.08,2.08,0.0042
"626",10212,150,20060626,20060628,31.669,31.889,64.176,64.462,145.75,39.1,5.71,0.0158
"627",10212,200,20060626,20060628,31.669,31.889,64.176,64.462,127.25,36.39,4.6,0.0113
"628",10212,300,20060626,20060628,31.669,31.889,64.176,64.462,105.89,43.45,5.87,0.0059
"629",10213,150,20060717,20060720,31.563,31.267,64.156,63.966,69.52,22.71,3.8,0.0052
"630",10213,200,20060717,20060720,31.563,31.267,64.156,63.966,50.69,9.89,1.37,0.0042
"631",10213,300,20060717,20060720,31.563,31.267,64.156,63.966,49.53,8.37,1.25,0.0026
"632",10214,150,20060807,20060811,31.581,31.6,64.175,64.586,55.36,16.48,2.47,0.0056
"633",10214,200,20060807,20060811,31.581,31.6,64.175,64.586,49.99,15.15,2.22,0.004
"634",10214,300,20060807,20060811,31.581,31.6,64.175,64.586,32.68,8.09,1.01,0.0027
"635",10215,150,20060904,20060908,31.592,31.344,64.166,64.803,50.78,14.22,2.59,0.0061
"636",10215,200,20060904,20060908,31.592,31.344,64.166,64.803,35.52,6.19,0.98,0.0033
"637",10215,300,20060904,20060908,31.592,31.344,64.166,64.803,25.02,7.19,1.03,0.0027
"638",10216,150,20061010,20061014,31.591,32.194,64.17,64.25,30.9,14.63,2.8,0.0051
"639",10216,200,20061010,20061014,31.591,32.194,64.17,64.25,33.12,16.35,3.01,0.0019
"640",10216,300,20061010,20061014,31.591,32.194,64.17,64.25,79.37,16.27,3.19,0.002
"641",10217,150,20061107,20061111,31.593,31.498,64.166,64.473,53.89,17.35,3.84,0.0047
"642",10217,200,20061107,20061111,31.593,31.498,64.166,64.473,59.72,14.01,2.73,0.0031
"643",10217,300,20061107,20061111,31.593,31.498,64.166,64.473,103.15,19,3.57,0.0019
"644",10218,150,20061204,20061207,31.575,31.208,64.152,63.715,79.34,14.47,2.9,0.0035
"645",10218,200,20061204,20061207,31.575,31.208,64.152,63.715,66.83,17.73,4.03,0.0022
"646",10218,300,20061204,20061207,31.575,31.208,64.152,63.715,33.27,9.12,1.66,0.002
"647",10219,150,20070128,20070130,31.565,31.076,64.182,63.951,100.83,32.3,6.92,0.0071
"648",10219,200,20070128,20070130,31.565,31.076,64.182,63.951,93.87,20.21,3.71,0.0078
"649",10219,300,20070128,20070130,31.565,31.076,64.182,63.951,49.62,12.1,2.22,0.0017
"650",10220,150,20070221,20070222,31.575,31.327,64.168,64.134,408.09,77.08,16.63,0.0239
"651",10220,200,20070221,20070222,31.575,31.327,64.168,64.134,275.16,33.69,5.59,0.0072
"652",10220,300,20070221,20070222,31.575,31.327,64.168,64.134,107.83,17.26,2.86,0.0034
"653",10221,150,20070319,20070323,31.595,31.293,64.166,64.711,254.78,76.45,17.16,0.0124
"654",10221,200,20070319,20070323,31.595,31.293,64.166,64.711,262.91,47.31,9.74,0.0073
"655",10221,300,20070319,20070323,31.595,31.293,64.166,64.711,124.18,17.97,3.11,0.004
"656",10222,150,20070414,20070420,31.593,32.666,64.178,63.936,89.14,32.03,7.22,0.0066
"657",10222,200,20070414,20070420,31.593,32.666,64.178,63.936,80.53,20.09,4.2,0.004
"658",10222,300,20070414,20070420,31.593,32.666,64.178,63.936,32.1,8.09,1.45,0.0033
"659",10223,150,20070515,20070519,31.575,30.561,64.156,64.66,76.55,21.06,4.16,0.0065
"660",10223,200,20070515,20070519,31.575,30.561,64.156,64.66,74.42,22.49,4.92,0.0031
"661",10223,300,20070515,20070519,31.575,30.561,64.156,64.66,30.28,5.86,1.02,0.0024
"662",10224,150,20070620,20070623,31.578,32.125,64.185,64.347,71.95,33.71,7.2,0.0043
"663",10224,200,20070620,20070623,31.578,32.125,64.185,64.347,44.41,11.84,1.87,0.0022
"664",10224,300,20070620,20070623,31.578,32.125,64.185,64.347,38.38,8.09,1.12,0.0014
"665",10225,150,20070718,20070720,31.581,31.528,64.161,64.612,101.87,41.91,8.8,0.0068
"666",10225,200,20070718,20070720,31.581,31.528,64.161,64.612,74.88,26.44,4.61,0.004
"667",10225,300,20070718,20070720,31.581,31.528,64.161,64.612,42.48,14.98,2.27,0.0026
"668",10226,150,20070815,20070818,31.579,31.892,64.17,64.502,109.38,40.48,8.08,0.0053
"669",10226,200,20070815,20070818,31.579,31.892,64.17,64.502,59.69,18.18,2.99,0.0019
"670",10226,300,20070815,20070818,31.579,31.892,64.17,64.502,34.54,9.66,1.08,0.0012
"671",10227,150,20070906,20070909,31.586,32.237,64.183,64.5,88.22,29.52,5.55,0.0094
"672",10227,200,20070906,20070909,31.586,32.237,64.183,64.5,63.87,21.18,3.78,0.0042
"673",10227,300,20070906,20070909,31.586,32.237,64.183,64.5,50.33,9.3,1.47,0.0031
"674",10228,150,20071005,20071008,31.594,31.683,64.172,64.669,83.54,26.42,5.44,0.0059
"675",10228,200,20071005,20071008,31.594,31.683,64.172,64.669,54.53,15.93,2.75,0.0023
"676",10228,300,20071005,20071008,31.594,31.683,64.172,64.669,35.68,8.85,1.32,0.0022
"677",10229,150,20071113,20071116,31.57,31.264,64.166,64.383,38.08,11.42,1.8,0.0048
"678",10229,200,20071113,20071116,31.57,31.264,64.166,64.383,30.84,8,1.27,0.0017
"679",10229,300,20071113,20071116,31.57,31.264,64.166,64.383,33.35,9.02,1.58,9e-04
"680",10230,150,20071205,20071207,31.587,31.93,64.181,64.574,26.9,9.12,1.71,0.0012
"681",10230,200,20071205,20071207,31.587,31.93,64.181,64.574,60.53,11.63,2.51,6e-04
"682",10230,300,20071205,20071207,31.587,31.93,64.181,64.574,19.64,5.6,0.96,0.0011
"683",10231,150,20080115,20080118,31.591,31.231,64.183,65.088,83.96,23.66,4.67,0.0056
"684",10231,200,20080115,20080118,31.591,31.231,64.183,65.088,50.15,14.62,2.74,0.0041
"685",10231,300,20080115,20080118,31.591,31.231,64.183,65.088,37.54,8.97,1.39,0.0032
"686",10232,150,20080212,20080215,31.572,31.428,64.179,64.601,129.55,26.17,4.51,0.0072
"687",10232,200,20080212,20080215,31.572,31.428,64.179,64.601,117.48,23.9,4.33,0.0053
"688",10232,300,20080212,20080215,31.572,31.428,64.179,64.601,103.44,12.57,2.07,0.0023
"689",10233,150,20080313,20080316,31.578,31.45,64.171,64.498,53.28,17.21,3.42,0.0045
"690",10233,200,20080313,20080316,31.578,31.45,64.171,64.498,39.6,13.38,2.13,0.0015
"691",10233,300,20080313,20080316,31.578,31.45,64.171,64.498,22.51,7.13,0.88,0.0012
"692",10234,150,20080419,20080421,31.586,31.427,64.151,64.135,114.77,26.94,5.16,0.0076
"693",10234,200,20080419,20080421,31.586,31.427,64.151,64.135,97.81,22.72,4.74,0.0048
"694",10234,300,20080419,20080421,31.586,31.427,64.151,64.135,41.41,10.19,1.26,0.0013
"695",10235,150,20080529,20080531,31.582,31.633,64.15,64.136,99.38,22.41,2.94,0.0073
"696",10235,200,20080529,20080531,31.582,31.633,64.15,64.136,75.01,19.31,2.41,0.0068
"697",10235,300,20080529,20080531,31.582,31.633,64.15,64.136,64.38,11.64,1.29,0.0027
"698",10236,150,20080626,20080628,31.593,31.993,64.165,64.83,72.14,24.72,4.34,0.006
"699",10236,200,20080626,20080628,31.593,31.993,64.165,64.83,43.56,14.21,2.15,0.0025
"700",10236,300,20080626,20080628,31.593,31.993,64.165,64.83,65.33,13.24,2.22,0.0016
"701",10237,150,20080716,20080719,31.555,31.501,64.208,64.854,65.42,20.47,3.93,0.0066
"702",10237,200,20080716,20080719,31.555,31.501,64.208,64.854,85.2,23.81,4.67,0.0034
"703",10237,300,20080716,20080719,31.555,31.501,64.208,64.854,79.62,15.93,2.94,0.0025
"710",10240,150,20081007,20081010,31.591,31.793,64.188,64.519,88.36,22.46,4.55,0.0108
"711",10240,200,20081007,20081010,31.591,31.793,64.188,64.519,46.64,7.44,1.72,0.0054
"712",10240,300,20081007,20081010,31.591,31.793,64.188,64.519,38.35,4.38,0.93,0.002
"713",10241,150,20081108,20081111,31.577,31.361,64.184,64.051,122.72,15.87,3.29,0.1489
"714",10241,200,20081108,20081111,31.577,31.361,64.184,64.051,41,10.39,1.51,0.1135
"715",10241,300,20081108,20081111,31.577,31.361,64.184,64.051,26.42,5.03,0.7,0.085
"716",10242,150,20081215,20081217,31.578,31.297,64.172,64.307,267.76,41.96,6.19,0.0095
"719",10243,150,20090208,20090210,31.57,31.376,64.173,64.365,115.34,25.79,4.72,0.0055
"720",10243,200,20090208,20090210,31.57,31.376,64.173,64.365,47.79,10.12,1.52,0.0041
"721",10243,300,20090208,20090210,31.57,31.376,64.173,64.365,55.1,5.51,0.8,0.0019
"722",10244,150,20090317,20090320,31.578,31.676,64.193,64.269,285.91,67.91,13.96,0.016
"723",10244,200,20090317,20090320,31.578,31.676,64.193,64.269,240.51,33.23,5.85,0.0095
"724",10244,300,20090317,20090320,31.578,31.676,64.193,64.269,175.1,25.58,4.67,0.006
"725",10245,150,20090414,20090416,31.576,31.675,64.166,63.973,71.72,19.33,3.52,0.0059
"726",10245,200,20090414,20090416,31.576,31.675,64.166,63.973,98.75,21.84,3.04,0.0025
"727",10245,300,20090414,20090416,31.576,31.675,64.166,63.973,48,10.07,1.35,0.0018
"728",10246,150,20090515,20090518,31.582,31.7,64.162,64.309,50.23,20.52,3.89,0.0058
"729",10246,200,20090515,20090518,31.582,31.7,64.162,64.309,58.12,22.66,3.89,0.0044
"730",10246,300,20090515,20090518,31.582,31.7,64.162,64.309,50.82,13.02,2.04,0.0029
"731",10247,150,20090610,20090612,31.576,31.666,64.175,64.358,77.82,28.48,6.1,0.0089
"732",10247,200,20090610,20090612,31.576,31.666,64.175,64.358,50.66,16.7,3.25,0.0025
"733",10247,300,20090610,20090612,31.576,31.666,64.175,64.358,28.49,6.66,1.16,0.0017
"734",10248,150,20090714,20090716,31.566,31.348,64.166,64.191,105.75,32.58,4.36,0.0126
"735",10248,200,20090714,20090716,31.566,31.348,64.166,64.191,65.67,19.92,2.61,0.009
"736",10248,300,20090714,20090716,31.566,31.348,64.166,64.191,58.27,15.16,2.51,0.0055
"737",10249,150,20090813,20090816,31.581,31.566,64.168,64.866,115.54,32.2,4.91,0.0084
"738",10249,200,20090813,20090816,31.581,31.566,64.168,64.866,89.69,26.39,4.01,0.0104
"739",10249,300,20090813,20090816,31.581,31.566,64.168,64.866,56.55,16.51,2.72,0.0034
"740",10250,150,20090910,20090913,31.576,31.309,64.169,63.801,99.22,33.87,6.3,0.0108
"741",10250,200,20090910,20090913,31.576,31.309,64.169,63.801,89.7,20.77,3.15,0.0063
"742",10250,300,20090910,20090913,31.576,31.309,64.169,63.801,92.59,18.82,2.15,0.0043
"743",10251,150,20091009,20091012,31.596,31.731,64.18,64.417,79.09,21.93,4.13,0.0074
"744",10251,200,20091009,20091012,31.596,31.731,64.18,64.417,58.35,16.04,2.64,0.0024
"745",10251,300,20091009,20091012,31.596,31.731,64.18,64.417,151.96,23.42,4.4,0.0021
"746",10252,150,20091106,20091109,31.589,31.788,64.171,64.05,55.37,16.83,2.88,0.0018
"747",10252,200,20091106,20091109,31.589,31.788,64.171,64.05,53.04,10.61,1.69,0.0024
"748",10252,300,20091106,20091109,31.589,31.788,64.171,64.05,62.32,13.08,1.39,0.0015
"749",10253,150,20091208,20091210,31.595,31.103,64.154,63.851,104.38,17.63,3.34,0.0052
"750",10253,200,20091208,20091210,31.595,31.103,64.154,63.851,97.7,22.42,3.89,0.0024
"751",10253,300,20091208,20091210,31.595,31.103,64.154,63.851,65.37,8.57,1.39,0.0019
"752",10254,150,20100203,20100205,31.563,31.929,64.188,64.357,376.99,68.57,13.34,0.0223
"758",10256,150,20100324,20100326,31.582,31.376,64.167,64.384,335.26,49.49,7.41,0.0176
"759",10256,200,20100324,20100326,31.582,31.376,64.167,64.384,228.19,35.65,5.73,0.0154
"760",10256,300,20100324,20100326,31.582,31.376,64.167,64.384,143.82,21.13,3.23,0.0089
"764",10257,150,20100420,20100423,31.591,31.718,64.157,64.417,55.8,7.04,1.09,0.0065
"765",10257,200,20100420,20100423,31.591,31.718,64.157,64.417,39.66,8.87,1.5,0.0015
"766",10257,300,20100420,20100423,31.591,31.718,64.157,64.417,33.67,7.58,1.31,8e-04
"767",10258,150,20100513,20100515,31.572,31.258,64.172,64.266,74.07,17.47,2.99,0.0169
"768",10258,200,20100513,20100515,31.572,31.258,64.172,64.266,79.25,17.12,3.04,0.0148
"769",10258,300,20100513,20100515,31.572,31.258,64.172,64.266,31.39,8.2,1.16,0.0085
"770",10259,150,20100621,20100625,31.58,31.833,64.174,64.671,51.66,13.55,2.5,0.0037
"771",10259,200,20100621,20100625,31.58,31.833,64.174,64.671,45.57,10.74,2.01,0.0033
"772",10259,300,20100621,20100625,31.58,31.833,64.174,64.671,41.86,6.35,0.99,0.0023
"773",10260,150,20100722,20100726,31.578,31.583,64.183,64.352,46.95,13.53,2.15,0.0063
"774",10260,200,20100722,20100726,31.578,31.583,64.183,64.352,33.8,10.3,1.46,0.0024
"775",10260,300,20100722,20100726,31.578,31.583,64.183,64.352,16.49,4.62,0.56,0.0019
"782",10263,150,20101005,20101008,31.589,31.678,64.143,63.445,75.85,14.22,1.88,0.0117
"783",10263,200,20101005,20101008,31.589,31.678,64.143,63.445,105.52,21.24,2.42,0.0085
"784",10263,300,20101005,20101008,31.589,31.678,64.143,63.445,75.24,10.43,1.39,0.0072
"785",10264,150,20101109,20101112,31.583,31.833,64.177,64.016,41.4,13.57,2.61,0.0062
"786",10264,200,20101109,20101112,31.583,31.833,64.177,64.016,22.96,7.61,0.92,0.0035
"787",10264,300,20101109,20101112,31.583,31.833,64.177,64.016,33.96,4.62,0.68,0.0024
"788",10265,150,20101209,20101211,31.666,31.909,64.176,64.101,136.8,22.55,3.53,0.0184
"794",10267,150,20110325,20110328,31.593,31.576,64.185,64.746,799.91,116.99,18.36,0.0272
"795",10267,200,20110325,20110328,31.593,31.576,64.185,64.746,809.79,109.25,16.74,0.0245
"796",10267,300,20110325,20110328,31.593,31.576,64.185,64.746,463.87,82.39,9.82,0.0213
"800",10268,150,20110428,20110502,31.67,31.739,64.159,64.596,62.32,14.63,2.62,0.0101
"801",10268,200,20110428,20110502,31.67,31.739,64.159,64.596,55.72,11.4,2.09,0.0049
"802",10268,300,20110428,20110502,31.67,31.739,64.159,64.596,65.83,10.92,1.87,0.0043
"803",10269,150,20110517,20110520,31.581,31.672,64.158,63.963,111.47,18.82,3.35,0.0134
"804",10269,200,20110517,20110520,31.581,31.672,64.158,63.963,129.96,21.07,3.45,0.0099
"805",10269,300,20110517,20110520,31.581,31.672,64.158,63.963,106.07,19.8,3.07,0.009
"806",10270,150,20110614,20110617,31.574,31.426,64.169,64.585,80.47,16.4,3,0.0065
"807",10270,200,20110614,20110617,31.574,31.426,64.169,64.585,61.15,11.06,1.67,0.0055
"808",10270,300,20110614,20110617,31.574,31.426,64.169,64.585,51.92,10.09,1.63,0.0015
"809",10271,150,20110705,20110709,31.583,32.182,64.171,64.075,91.25,19.55,2.66,0.0069
"810",10271,200,20110705,20110709,31.583,32.182,64.171,64.075,65.06,13.73,1.81,0.0034
"811",10271,300,20110705,20110709,31.583,32.182,64.171,64.075,51.85,9.59,1.27,0.0037
"812",10272,150,20110817,20110821,31.58,31.188,64.202,64.447,76.88,13.27,1.48,0.0074
"813",10272,200,20110817,20110821,31.58,31.188,64.202,64.447,79.4,11.75,0.34,0.0047
"814",10272,300,20110817,20110821,31.58,31.188,64.202,64.447,58.67,14.85,1.57,0.0075
"815",10273,150,20110912,20110914,31.667,31.757,64.166,64.41,540.69,81.41,11.36,0.0113
"816",10273,200,20110912,20110914,31.667,31.757,64.166,64.41,711.43,95.03,14.25,0.0071
"817",10273,300,20110912,20110914,31.667,31.757,64.166,64.41,467.35,64.01,8.09,0.0114
"818",10274,150,20111102,20111105,31.668,31.652,64.186,65.038,60.59,16.28,2.61,0.0068
"819",10274,200,20111102,20111105,31.668,31.652,64.186,65.038,52.9,10.54,1.74,0.0026
"820",10274,300,20111102,20111105,31.668,31.652,64.186,65.038,46.17,10.48,1.64,0.0012
"821",10275,150,20111117,20111120,31.583,31.466,64.167,64.918,55.06,12.25,2.13,0.0083
"822",10275,200,20111117,20111120,31.583,31.466,64.167,64.918,55.9,11.66,1.65,0.0213
"823",10275,300,20111117,20111120,31.583,31.466,64.167,64.918,44.61,7.7,1.51,0.0052
"824",10276,150,20111207,20111210,31.581,31.806,64.174,64.54,77.26,17.27,2.49,0.0127
"825",10276,200,20111207,20111210,31.581,31.806,64.174,64.54,47.04,7.72,1.09,0.0076
"826",10276,300,20111207,20111210,31.581,31.806,64.174,64.54,53.89,7.02,0.89,0.006
"827",10277,150,20120129,20120201,31.67,31.481,64.175,63.713,187.86,25.26,4.86,0.0066
"828",10277,200,20120129,20120201,31.67,31.481,64.175,63.713,121.79,17.4,3.52,0.0035
"829",10277,300,20120129,20120201,31.67,31.481,64.175,63.713,83.99,9.09,1.83,0.0027
"830",10278,150,20120210,20120211,31.664,31.597,64.167,64.018,133.7,28.1,5.66,0.0059
"831",10278,200,20120210,20120211,31.664,31.597,64.167,64.018,121.76,20.04,4.2,0.0045
"832",10278,300,20120210,20120211,31.664,31.597,64.167,64.018,86.74,15.03,3.28,0.0036
"833",10280,150,20120411,20120414,31.667,31.566,64.166,63.884,320.3,64.08,8.92,0.0149
"834",10280,200,20120411,20120414,31.667,31.566,64.166,63.884,314.22,50.54,6.08,0.0083
"835",10280,300,20120411,20120414,31.667,31.566,64.166,63.884,186.68,29.96,3.46,0.0054
"836",10281,150,20120518,20120522,31.751,31.823,64.167,65.222,53.52,11.24,2.12,0.0055
"837",10281,200,20120518,20120522,31.751,31.823,64.167,65.222,88.44,15.21,2.35,0.0049
"838",10281,300,20120518,20120522,31.751,31.823,64.167,65.222,54.65,7.22,1.06,0.0021
"839",10282,150,20120618,20120620,31.588,31.069,64.109,63.656,96.13,18.67,2.29,0.0033
"840",10282,200,20120618,20120620,31.588,31.069,64.109,63.656,83.53,18.24,2.8,0.0016
"841",10282,300,20120618,20120620,31.588,31.069,64.109,63.656,40.11,9.19,1.29,7e-04
"842",10283,150,20120712,20120715,31.612,30.979,64.202,64.292,133.3,23.64,4.27,0.005
"843",10283,200,20120712,20120715,31.612,30.979,64.202,64.292,127.57,56.83,18.48,0.0033
"844",10283,300,20120712,20120715,31.612,30.979,64.202,64.292,35.74,6.43,1.12,0.0017
"845",10284,150,20120820,20120823,31.668,31.858,64.171,64.483,177.83,39.66,6.6,0.004
"846",10284,200,20120820,20120823,31.668,31.858,64.171,64.483,52.86,10.82,1.55,0.0017
"847",10284,300,20120820,20120823,31.668,31.858,64.171,64.483,44,8.52,1.1,0.0012
"848",10285,150,20120911,20120914,31.666,31.744,64.161,64.415,47.36,12.64,2.59,0.0029
"849",10285,200,20120911,20120914,31.666,31.744,64.161,64.415,52.56,11.05,1.79,0.0011
"850",10285,300,20120911,20120914,31.666,31.744,64.161,64.415,38.7,6.78,1.13,6e-04
"851",10286,150,20121019,20121022,31.663,31.783,64.171,64.822,27.3,0.59,0.11,0.001
"852",10286,200,20121019,20121022,31.663,31.783,64.171,64.822,31.27,0.66,0.15,7e-04
"853",10286,300,20121019,20121022,31.663,31.783,64.171,64.822,27.56,0.41,0.07,4e-04
"854",10287,150,20121114,20121117,31.665,31.44,64.163,64.65,76.82,5.58,1.31,0.0022
"855",10287,200,20121114,20121117,31.665,31.44,64.163,64.65,51.21,9.73,1.83,6e-04
"856",10287,300,20121114,20121117,31.665,31.44,64.163,64.65,26.16,3.85,0.89,3e-04
"857",10288,150,20121210,20121213,31.668,31.387,64.165,63.495,60.89,10.65,2.1,0.0023
"858",10288,200,20121210,20121213,31.668,31.387,64.165,63.495,40.49,8.45,1.41,0.002
"859",10288,300,20121210,20121213,31.668,31.387,64.165,63.495,45.05,8.26,1.2,0.0021
"860",10289,150,20130122,20130124,31.667,31.821,64.161,63.815,225.64,32.63,4.91,0.0045
"861",10289,200,20130122,20130124,31.667,31.821,64.161,63.815,141.02,16.09,2.53,0.0031
"862",10289,300,20130122,20130124,31.667,31.821,64.161,63.815,52.14,5.06,0.84,0.0012
"863",10290,150,20130212,20130215,31.667,31.54,64.167,64.09,312.19,65.89,7.84,0.0135
"864",10290,200,20130212,20130215,31.667,31.54,64.167,64.09,172.16,31.78,4.32,0.0136
"865",10290,300,20130212,20130215,31.667,31.54,64.167,64.09,61.35,14.08,2.01,0.0025
"866",10291,150,20130312,20130314,31.662,31.179,64.168,64.553,713.42,109.51,16.93,0.0377
"867",10291,200,20130312,20130314,31.662,31.179,64.168,64.553,742.56,128.85,16.57,0.0365
"868",10291,300,20130312,20130314,31.662,31.179,64.168,64.553,511.15,60.34,6.85,0.0173
"869",10292,150,20130405,20130408,31.663,31.702,64.169,64.465,344.2,42.3,7.91,0.0157
"870",10292,200,20130405,20130408,31.663,31.702,64.169,64.465,201.65,21.58,3.55,0.0093
"871",10292,300,20130405,20130408,31.663,31.702,64.169,64.465,124.73,13.89,1.87,0.0052
"872",10293,150,20130515,20130517,31.672,31.614,64.171,64.274,41.7,10.37,2.18,0.002
"873",10293,200,20130515,20130517,31.672,31.614,64.171,64.274,37.8,8.79,1.68,0.0021
"874",10293,300,20130515,20130517,31.672,31.614,64.171,64.274,35.08,6.81,1.23,9e-04
"875",10294,150,20130615,20130618,31.647,31.617,64.166,64.129,63.14,14.69,2.72,0.0038
"876",10294,200,20130615,20130618,31.647,31.617,64.166,64.129,51.61,14.66,2.42,0.0028
"877",10294,300,20130615,20130618,31.647,31.617,64.166,64.129,32.78,7.76,1.4,9e-04
"878",10295,150,20130705,20130708,31.746,31.67,64.152,64.247,53.89,14.48,2.47,0.0045
"879",10295,200,20130705,20130708,31.746,31.67,64.152,64.247,31.9,8.09,1.61,0.0028
"880",10295,300,20130705,20130708,31.746,31.67,64.152,64.247,32.83,5.76,1.1,0.0012
"881",10296,150,20130802,20130804,31.663,31.177,64.172,64.357,51.2,12.3,1.98,0.0078
"882",10296,200,20130802,20130804,31.663,31.177,64.172,64.357,49.13,8.85,1.72,0.0039
"883",10296,300,20130802,20130804,31.663,31.177,64.172,64.357,25.36,3.83,0.54,0.002
"884",10297,150,20130917,20130920,31.668,31.774,64.162,64.468,57.1,14.92,2.17,0.0035
"885",10297,200,20130917,20130920,31.668,31.774,64.162,64.468,31.07,6.19,0.95,0.0016
"887",10298,150,20131019,20131022,31.669,31.309,64.165,64.606,31.26,6.09,1.02,0.0017
"888",10298,200,20131019,20131022,31.669,31.309,64.165,64.606,38.93,8.12,1.51,0.0022
"889",10298,300,20131019,20131022,31.669,31.309,64.165,64.606,41.67,4.87,0.56,8e-04
"893",10300,150,20131209,20131211,31.671,31.715,64.2,64.234,29.95,8.65,1.6,0.0019
"894",10300,200,20131209,20131211,31.671,31.715,64.2,64.234,25.34,7.38,1.31,7e-04
"895",10300,300,20131209,20131211,31.671,31.715,64.2,64.234,22.38,6.55,1.06,3e-04
"896",10301,150,20140305,20140307,31.612,31.817,64.188,64.729,123.56,28.35,4.86,0.0077
"897",10301,200,20140305,20140307,31.612,31.817,64.188,64.729,128.75,23.13,3.79,0.0043
"898",10301,300,20140305,20140307,31.612,31.817,64.188,64.729,101.16,17.28,2.28,0.0014
"899",10302,150,20140411,20140414,31.7,31.745,64.138,64.345,149.72,23.48,4.38,0.0053
"900",10302,200,20140411,20140414,31.7,31.745,64.138,64.345,159.1,23.27,4.1,0.0051
"901",10302,300,20140411,20140414,31.7,31.745,64.138,64.345,63.38,12.24,2.86,0.0015
"902",10303,150,20140429,20140501,31.67,31.715,64.174,64.234,103.59,28.78,5.79,0.0029
"903",10303,200,20140429,20140501,31.67,31.715,64.174,64.234,66.33,15.88,2.95,0.0022
"906",10304,200,20140611,20140615,31.66,31.251,64.152,64.827,60.06,11.36,2.14,0.0088
"908",10305,150,20140709,20140712,31.657,31.511,64.169,64.396,99.57,25.73,4.1,0.0044
"909",10305,200,20140709,20140712,31.657,31.511,64.169,64.396,69.93,18.3,3.14,0.003
"910",10305,300,20140709,20140712,31.657,31.511,64.169,64.396,46.62,11.27,1.64,0.0022
"911",10306,150,20140819,20140823,31.655,31.626,64.164,64.066,111.14,50.91,7.52,0.0033
"912",10306,200,20140819,20140823,31.655,31.626,64.164,64.066,86.87,28.81,4.66,0.0017
"913",10306,300,20140819,20140823,31.655,31.626,64.164,64.066,65.77,20.75,2.88,8e-04
"914",10307,150,20140913,20140916,31.663,31.579,64.166,64.382,70,15.88,3.11,0.0039
"915",10307,200,20140913,20140916,31.663,31.579,64.166,64.382,53.8,10.74,2.21,0.0016
"916",10307,300,20140913,20140916,31.663,31.579,64.166,64.382,86.19,12.18,2.44,0.001
"917",10308,150,20141028,20141031,31.673,32.143,64.16,63.928,42.64,12.49,2.81,0.0016
"918",10308,200,20141028,20141031,31.673,32.143,64.16,63.928,39.3,8.89,2.49,0.0012
"919",10308,300,20141028,20141031,31.673,32.143,64.16,63.928,34.98,7.2,1.75,7e-04
"920",10309,150,20141119,20141122,31.67,31.641,64.163,63.971,58.38,17.71,4.22,0.0016
"921",10309,200,20141119,20141122,31.67,31.641,64.163,63.971,33.4,10.6,2.52,6e-04
"922",10309,300,20141119,20141122,31.67,31.641,64.163,63.971,30.31,8.74,2.65,4e-04
"923",10310,150,20141210,20141213,31.665,31.607,64.168,64.16,60.26,16.11,2.59,0.0021
"924",10310,200,20141210,20141213,31.665,31.607,64.168,64.16,41.88,11.62,2.09,9e-04
"925",10310,300,20141210,20141213,31.665,31.607,64.168,64.16,37.96,9.14,1.79,4e-04
"926",10311,150,20150202,20150205,31.673,31.551,64.173,64.587,194.53,39.35,4.75,0.0054
"927",10311,200,20150202,20150205,31.673,31.551,64.173,64.587,134.74,25.85,2.79,0.0029
"928",10311,300,20150202,20150205,31.673,31.551,64.173,64.587,80.2,16.55,1.82,0.0011
"929",10312,150,20150312,20150315,31.64,31.456,64.125,64.094,940.03,165.23,14.29,0.0132
"930",10312,200,20150312,20150315,31.64,31.456,64.125,64.094,1527.97,310.63,23.26,0.0138
"932",10313,150,20150407,20150410,31.662,31.63,64.16,64.259,303.42,53.27,6.76,0.0047
"933",10313,200,20150407,20150410,31.662,31.63,64.16,64.259,215.38,35.51,4.23,0.0028
"934",10313,300,20150407,20150410,31.662,31.63,64.16,64.259,112.24,16.55,2.38,0.0025
"935",10314,150,20150511,20150515,31.639,30.826,64.147,64.339,150.11,34.18,6.3,0.0039
"936",10314,200,20150511,20150515,31.639,30.826,64.147,64.339,75.46,17.01,3.97,0.0036
"937",10314,300,20150511,20150515,31.639,30.826,64.147,64.339,60.79,11.12,4.06,0.0015
"938",10315,150,20150623,20150626,31.665,31.619,64.17,64.123,95.92,35.97,6.6,0.0042
"939",10315,200,20150623,20150626,31.665,31.619,64.17,64.123,60.34,12.5,1.87,0.0019
"940",10315,300,20150623,20150626,31.665,31.619,64.17,64.123,64.9,7.54,1.31,0.0014
"941",10316,150,20150715,20150718,31.654,31.424,64.159,64.222,82.1,21.49,3.17,0.0024
"942",10316,200,20150715,20150718,31.654,31.424,64.159,64.222,88.91,19.92,2.44,0.0014
"943",10316,300,20150715,20150718,31.654,31.424,64.159,64.222,83.72,17.88,2.04,0.0019
"944",10317,150,20150818,20150822,31.668,31.481,64.17,63.695,97.75,26.37,3.33,0.0023
"945",10317,200,20150818,20150822,31.668,31.481,64.17,63.695,62.59,14.7,1.71,0.002
"946",10317,300,20150818,20150822,31.668,31.481,64.17,63.695,72.42,15.13,1.58,0.0015
"947",10318,150,20150912,20150914,31.661,31.587,64.163,63.88,78.7,23.15,3.05,0.0014
"948",10318,200,20150912,20150914,31.661,31.587,64.163,63.88,73.95,15.64,1.6,7e-04
"949",10318,300,20150912,20150914,31.661,31.587,64.163,63.88,55.24,12.35,1.02,9e-04
"950",10319,150,20151128,20151130,31.662,31.34,64.165,63.859,97.72,29.12,4.52,9e-04
"951",10319,200,20151128,20151130,31.662,31.34,64.165,63.859,87.33,23.62,2.81,7e-04
"952",10319,300,20151128,20151130,31.662,31.34,64.165,63.859,51.58,13.8,1.61,5e-04
"953",10320,150,20151211,20151214,31.667,31.569,64.158,63.756,41.82,12.64,2.4,6e-04
